{
    "overall": {
        "precision": 0.9507772020725389,
        "recall": 0.9696169088507266,
        "f1": 0.9601046435578809
    },
    "macro_average": {
        "precision": 0.9832805585308743,
        "recall": 0.9869508915854658,
        "f1": 0.985057890420683
    },
    "micro_average": {
        "precision": 0.9969598803887366,
        "recall": 0.9969598803887366,
        "f1": 0.9969598803887366
    },
    "per_label": {
        "O": {
            "precision": 0.9985061334712287,
            "recall": 0.9985061334712287,
            "f1-score": 0.9985061334712287,
            "support": 34809.0
        },
        "JURISPRUDENCIA": {
            "precision": 0.9790322580645161,
            "recall": 0.9634920634920635,
            "f1-score": 0.9712,
            "support": 630.0
        },
        "LEGISLACAO": {
            "precision": 0.99685110211426,
            "recall": 0.995507637017071,
            "f1-score": 0.9961789166104743,
            "support": 2226.0
        },
        "LOCAL": {
            "precision": 0.9476439790575916,
            "recall": 0.9836956521739131,
            "f1-score": 0.9653333333333334,
            "support": 184.0
        },
        "ORGANIZACAO": {
            "precision": 0.9717842323651452,
            "recall": 0.9758333333333333,
            "f1-score": 0.9738045738045739,
            "support": 1200.0
        },
        "PESSOA": {
            "precision": 0.9941089837997055,
            "recall": 0.9941089837997055,
            "f1-score": 0.9941089837997055,
            "support": 679.0
        },
        "TEMPO": {
            "precision": 0.9950372208436724,
            "recall": 0.9975124378109452,
            "f1-score": 0.9962732919254659,
            "support": 402.0
        },
        "accuracy": 0.9969598803887366,
        "macro avg": {
            "precision": 0.9832805585308743,
            "recall": 0.9869508915854658,
            "f1-score": 0.985057890420683,
            "support": 40130.0
        },
        "weighted avg": {
            "precision": 0.996967191867703,
            "recall": 0.9969598803887366,
            "f1-score": 0.9969608510747017,
            "support": 40130.0
        }
    }
}