{
    "overall": {
        "precision": 0.948306595365419,
        "recall": 0.9620253164556962,
        "f1": 0.955116696588869
    },
    "macro_average": {
        "precision": 0.9810096341261002,
        "recall": 0.9841457905729284,
        "f1": 0.9825531160584455
    },
    "micro_average": {
        "precision": 0.99642045179703,
        "recall": 0.99642045179703,
        "f1": 0.99642045179703
    },
    "per_label": {
        "O": {
            "precision": 0.9989342308231665,
            "recall": 0.9981503797326458,
            "f1-score": 0.9985421514480362,
            "support": 35683.0
        },
        "JURISPRUDENCIA": {
            "precision": 0.9774774774774775,
            "recall": 0.9615952732644018,
            "f1-score": 0.9694713328369322,
            "support": 677.0
        },
        "LEGISLACAO": {
            "precision": 0.9819905213270143,
            "recall": 0.9861970490242742,
            "f1-score": 0.9840892899548801,
            "support": 2101.0
        },
        "LOCAL": {
            "precision": 0.9539748953974896,
            "recall": 0.957983193277311,
            "f1-score": 0.9559748427672956,
            "support": 238.0
        },
        "ORGANIZACAO": {
            "precision": 0.9728915662650602,
            "recall": 0.9885233358837031,
            "f1-score": 0.9806451612903225,
            "support": 1307.0
        },
        "PESSOA": {
            "precision": 0.9956236323851203,
            "recall": 0.9989023051591658,
            "f1-score": 0.9972602739726028,
            "support": 911.0
        },
        "TEMPO": {
            "precision": 0.9861751152073732,
            "recall": 0.9976689976689976,
            "f1-score": 0.9918887601390498,
            "support": 429.0
        },
        "accuracy": 0.99642045179703,
        "macro avg": {
            "precision": 0.9810096341261002,
            "recall": 0.9841457905729284,
            "f1-score": 0.9825531160584455,
            "support": 41346.0
        },
        "weighted avg": {
            "precision": 0.9964345293804288,
            "recall": 0.99642045179703,
            "f1-score": 0.9964236662970986,
            "support": 41346.0
        }
    }
}