{
    "overall": {
        "precision": 0.9510835913312693,
        "recall": 0.9690851735015773,
        "f1": 0.9599999999999999
    },
    "macro_average": {
        "precision": 0.986707840299092,
        "recall": 0.991407687454008,
        "f1": 0.9890465803219486
    },
    "micro_average": {
        "precision": 0.9970572560650648,
        "recall": 0.9970572560650648,
        "f1": 0.9970572560650648
    },
    "per_label": {
        "O": {
            "precision": 0.999092994718028,
            "recall": 0.9978950734059844,
            "f1-score": 0.9984936747670528,
            "support": 37531.0
        },
        "JURISPRUDENCIA": {
            "precision": 0.9801223241590215,
            "recall": 0.9801223241590215,
            "f1-score": 0.9801223241590215,
            "support": 654.0
        },
        "LEGISLACAO": {
            "precision": 0.9847861842105263,
            "recall": 0.9975010412328197,
            "f1-score": 0.9911028346782537,
            "support": 2401.0
        },
        "LOCAL": {
            "precision": 0.9842931937172775,
            "recall": 0.9894736842105263,
            "f1-score": 0.9868766404199475,
            "support": 190.0
        },
        "ORGANIZACAO": {
            "precision": 0.9771473601260835,
            "recall": 0.9810126582278481,
            "f1-score": 0.9790761942360837,
            "support": 1264.0
        },
        "PESSOA": {
            "precision": 0.9885550786838341,
            "recall": 0.9985549132947977,
            "f1-score": 0.9935298346513299,
            "support": 692.0
        },
        "TEMPO": {
            "precision": 0.9929577464788732,
            "recall": 0.9952941176470588,
            "f1-score": 0.9941245593419507,
            "support": 425.0
        },
        "accuracy": 0.9970572560650648,
        "macro avg": {
            "precision": 0.986707840299092,
            "recall": 0.991407687454008,
            "f1-score": 0.9890465803219486,
            "support": 43157.0
        },
        "weighted avg": {
            "precision": 0.9970722696146668,
            "recall": 0.9970572560650648,
            "f1-score": 0.9970616231025788,
            "support": 43157.0
        }
    }
}