{
    "overall": {
        "precision": 0.9445887445887445,
        "recall": 0.9561787905346187,
        "f1": 0.9503484320557491
    },
    "macro_average": {
        "precision": 0.9829118016028763,
        "recall": 0.9849739374789543,
        "f1": 0.9839239857543957
    },
    "micro_average": {
        "precision": 0.996088959596964,
        "recall": 0.996088959596964,
        "f1": 0.996088959596964
    },
    "per_label": {
        "O": {
            "precision": 0.9982802109607888,
            "recall": 0.9978607174236925,
            "f1-score": 0.9980704201134822,
            "support": 26177.0
        },
        "JURISPRUDENCIA": {
            "precision": 0.9642105263157895,
            "recall": 0.9723991507430998,
            "f1-score": 0.9682875264270613,
            "support": 471.0
        },
        "LEGISLACAO": {
            "precision": 0.9864146485528648,
            "recall": 0.9970149253731343,
            "f1-score": 0.9916864608076009,
            "support": 1675.0
        },
        "LOCAL": {
            "precision": 0.972972972972973,
            "recall": 0.9863013698630136,
            "f1-score": 0.9795918367346939,
            "support": 146.0
        },
        "ORGANIZACAO": {
            "precision": 0.9749430523917996,
            "recall": 0.9628796400449944,
            "f1-score": 0.9688737973967176,
            "support": 889.0
        },
        "PESSOA": {
            "precision": 0.9901185770750988,
            "recall": 0.9881656804733728,
            "f1-score": 0.9891411648568608,
            "support": 507.0
        },
        "TEMPO": {
            "precision": 0.9934426229508196,
            "recall": 0.9901960784313726,
            "f1-score": 0.9918166939443536,
            "support": 306.0
        },
        "accuracy": 0.996088959596964,
        "macro avg": {
            "precision": 0.9829118016028763,
            "recall": 0.9849739374789543,
            "f1-score": 0.9839239857543959,
            "support": 30171.0
        },
        "weighted avg": {
            "precision": 0.9960932937380844,
            "recall": 0.996088959596964,
            "f1-score": 0.9960878766725944,
            "support": 30171.0
        }
    }
}